model,test_accuracy,test_recall,tn,fp,fn,tp
LogisticRegression,0.8552036199095022,0.08571428571428572,186,0,32,3
RandomForestClassifier,0.8506787330316742,0.14285714285714285,183,3,30,5
AdaBoostClassifier,0.8733031674208145,0.42857142857142855,178,8,20,15
KNeighborsClassifier,0.832579185520362,0.14285714285714285,179,7,30,5
