model,test_accuracy,test_recall,tn,fp,fn,tp
XGBClassifier,0.8642533936651584,0.37142857142857144,178,8,22,13
