model,test_accuracy,test_recall,tn,fp,fn,tp
LogisticRegression,0.8461538461538461,0.05555555555555555,185,0,34,2
RandomForestClassifier,0.8597285067873304,0.19444444444444445,183,2,29,7
AdaBoostClassifier,0.8552036199095022,0.3611111111111111,176,9,23,13
KNeighborsClassifier,0.7828054298642534,0.027777777777777776,172,13,35,1
